Date,Date_YMD,Daily Confirmed,Total Confirmed,Daily Recovered,Total Recovered,Daily Deceased,Total Deceased
30-Jan-20,1/30/2020,1,1,0,0,0,0
31-Jan-20,1/31/2020,0,1,0,0,0,0
1-Feb-20,2/1/2020,0,1,0,0,0,0
2-Feb-20,2/2/2020,1,2,0,0,0,0
3-Feb-20,2/3/2020,1,3,0,0,0,0
4-Feb-20,2/4/2020,0,3,0,0,0,0
5-Feb-20,2/5/2020,0,3,0,0,0,0
6-Feb-20,2/6/2020,0,3,0,0,0,0
7-Feb-20,2/7/2020,0,3,0,0,0,0
8-Feb-20,2/8/2020,0,3,0,0,0,0
9-Feb-20,2/9/2020,0,3,0,0,0,0
10-Feb-20,2/10/2020,0,3,0,0,0,0
11-Feb-20,2/11/2020,0,3,0,0,0,0
12-Feb-20,2/12/2020,0,3,0,0,0,0
13-Feb-20,2/13/2020,0,3,1,1,0,0
14-Feb-20,2/14/2020,0,3,0,1,0,0
15-Feb-20,2/15/2020,0,3,0,1,0,0
16-Feb-20,2/16/2020,0,3,1,2,0,0
17-Feb-20,2/17/2020,0,3,0,2,0,0
18-Feb-20,2/18/2020,0,3,0,2,0,0
19-Feb-20,2/19/2020,0,3,0,2,0,0
20-Feb-20,2/20/2020,0,3,1,3,0,0
21-Feb-20,2/21/2020,0,3,0,3,0,0
22-Feb-20,2/22/2020,0,3,0,3,0,0
23-Feb-20,2/23/2020,0,3,0,3,0,0
24-Feb-20,2/24/2020,0,3,0,3,0,0
25-Feb-20,2/25/2020,0,3,0,3,0,0
26-Feb-20,2/26/2020,0,3,0,3,0,0
27-Feb-20,2/27/2020,0,3,0,3,0,0
28-Feb-20,2/28/2020,0,3,0,3,0,0
29-Feb-20,2/29/2020,0,3,0,3,0,0
1-Mar-20,3/1/2020,0,3,0,3,0,0
2-Mar-20,3/2/2020,2,5,0,3,0,0
3-Mar-20,3/3/2020,1,6,0,3,0,0
4-Mar-20,3/4/2020,22,28,0,3,0,0
5-Mar-20,3/5/2020,2,30,0,3,0,0
6-Mar-20,3/6/2020,1,31,0,3,0,0
7-Mar-20,3/7/2020,3,34,0,3,0,0
8-Mar-20,3/8/2020,5,39,0,3,0,0
9-Mar-20,3/9/2020,9,48,0,3,0,0
10-Mar-20,3/10/2020,15,63,1,4,0,0
11-Mar-20,3/11/2020,8,71,0,4,0,0
12-Mar-20,3/12/2020,10,81,0,4,1,1
13-Mar-20,3/13/2020,10,91,6,10,0,1
14-Mar-20,3/14/2020,11,102,0,10,1,2
15-Mar-20,3/15/2020,10,112,3,13,0,2
16-Mar-20,3/16/2020,14,126,1,14,0,2
17-Mar-20,3/17/2020,20,146,1,15,1,3
18-Mar-20,3/18/2020,25,171,0,15,0,3
19-Mar-20,3/19/2020,27,198,5,20,1,4
20-Mar-20,3/20/2020,58,256,3,23,0,4
21-Mar-20,3/21/2020,78,334,0,23,0,4
22-Mar-20,3/22/2020,69,403,0,23,3,7
23-Mar-20,3/23/2020,94,497,2,25,2,9
24-Mar-20,3/24/2020,74,571,15,40,1,10
25-Mar-20,3/25/2020,86,657,3,43,1,11
26-Mar-20,3/26/2020,73,730,7,50,5,16
27-Mar-20,3/27/2020,153,883,25,75,3,19
28-Mar-20,3/28/2020,136,1019,10,85,5,24
29-Mar-20,3/29/2020,120,1139,17,102,3,27
30-Mar-20,3/30/2020,187,1326,35,137,14,41
31-Mar-20,3/31/2020,309,1635,13,150,6,47
1-Apr-20,4/1/2020,424,2059,19,169,6,53
2-Apr-20,4/2/2020,486,2545,22,191,16,69
3-Apr-20,4/3/2020,560,3105,39,230,14,83
4-Apr-20,4/4/2020,579,3684,56,286,13,96
5-Apr-20,4/5/2020,609,4293,43,329,22,118
6-Apr-20,4/6/2020,484,4777,65,394,16,134
7-Apr-20,4/7/2020,573,5350,75,469,27,161
8-Apr-20,4/8/2020,565,5915,96,565,20,181
9-Apr-20,4/9/2020,813,6728,70,635,46,227
10-Apr-20,4/10/2020,871,7599,151,786,22,249
11-Apr-20,4/11/2020,854,8453,186,972,41,290
12-Apr-20,4/12/2020,758,9211,114,1086,42,332
13-Apr-20,4/13/2020,1243,10454,112,1198,27,359
14-Apr-20,4/14/2020,1031,11485,167,1365,37,396
15-Apr-20,4/15/2020,886,12371,144,1509,27,423
16-Apr-20,4/16/2020,1061,13432,258,1767,26,449
17-Apr-20,4/17/2020,922,14354,273,2040,38,487
18-Apr-20,4/18/2020,1371,15725,426,2466,35,522
19-Apr-20,4/19/2020,1580,17305,388,2854,38,560
20-Apr-20,4/20/2020,1239,18544,419,3273,33,593
21-Apr-20,4/21/2020,1537,20081,703,3976,53,646
22-Apr-20,4/22/2020,1292,21373,394,4370,36,682
23-Apr-20,4/23/2020,1667,23040,642,5012,40,722
24-Apr-20,4/24/2020,1408,24448,484,5496,59,781
25-Apr-20,4/25/2020,1835,26283,442,5938,44,825
26-Apr-20,4/26/2020,1607,27890,585,6523,56,881
27-Apr-20,4/27/2020,1568,29458,580,7103,58,939
28-Apr-20,4/28/2020,1902,31360,636,7739,69,1008
29-Apr-20,4/29/2020,1705,33065,690,8429,71,1079
30-Apr-20,4/30/2020,1801,34866,630,9059,75,1154
1-May-20,5/1/2020,2396,37262,962,10021,77,1231
2-May-20,5/2/2020,2564,39826,831,10852,92,1323
3-May-20,5/3/2020,2952,42778,911,11763,140,1463
4-May-20,5/4/2020,3656,46434,1082,12845,103,1566
5-May-20,5/5/2020,2971,49405,1295,14140,128,1694
6-May-20,5/6/2020,3602,53007,1161,15301,91,1785
7-May-20,5/7/2020,3344,56351,1475,16776,104,1889
8-May-20,5/8/2020,3339,59690,1111,17887,97,1986
9-May-20,5/9/2020,3175,62865,1414,19301,115,2101
10-May-20,5/10/2020,4311,67176,1669,20970,112,2213
11-May-20,5/11/2020,3592,70768,1579,22549,81,2294
12-May-20,5/12/2020,3562,74330,1905,24454,120,2414
13-May-20,5/13/2020,3726,78056,1963,26417,137,2551
14-May-20,5/14/2020,3991,82047,1594,28011,97,2648
15-May-20,5/15/2020,3808,85855,2234,30245,104,2752
16-May-20,5/16/2020,4794,90649,4012,34257,120,2872
17-May-20,5/17/2020,5049,95698,2538,36795,152,3024
18-May-20,5/18/2020,4628,100326,2482,39277,131,3155
19-May-20,5/19/2020,6154,106480,3032,42309,146,3301
20-May-20,5/20/2020,5720,112200,3113,45422,134,3435
21-May-20,5/21/2020,6023,118223,3131,48553,148,3583
22-May-20,5/22/2020,6536,124759,3280,51833,142,3725
23-May-20,5/23/2020,6667,131424,2576,54409,142,3867
24-May-20,5/24/2020,7111,138537,3285,57694,156,4023
25-May-20,5/25/2020,6414,144951,3012,60706,150,4173
26-May-20,5/26/2020,5907,150858,3585,64291,173,4346
27-May-20,5/27/2020,7246,158104,3434,67725,188,4534
28-May-20,5/28/2020,7254,165358,3171,70896,176,4710
29-May-20,5/29/2020,8138,173496,11735,82631,269,4979
30-May-20,5/30/2020,8364,181860,4303,86934,205,5184
31-May-20,5/31/2020,8789,190649,4928,91862,222,5406
1-Jun-20,6/1/2020,7723,198372,3882,95744,201,5607
2-Jun-20,6/2/2020,8812,207187,4531,100275,222,5829
3-Jun-20,6/3/2020,9689,216876,3789,104064,259,6088
4-Jun-20,6/4/2020,9847,226723,4390,108454,274,6362
5-Jun-20,6/5/2020,9472,236195,4770,113224,286,6648
6-Jun-20,6/6/2020,10408,246603,5433,118657,297,6945
7-Jun-20,6/7/2020,10882,257485,5191,123848,261,7206
8-Jun-20,6/8/2020,8536,266021,5171,129019,271,7477
9-Jun-20,6/9/2020,9981,276002,5634,134653,272,7749
10-Jun-20,6/10/2020,11156,287158,6275,140928,358,8107
11-Jun-20,6/11/2020,11135,298293,6044,146972,394,8501
12-Jun-20,6/12/2020,11306,309599,7263,154235,388,8889
13-Jun-20,6/13/2020,12039,321638,8092,162327,309,9198
14-Jun-20,6/14/2020,11405,333043,7358,169685,324,9522
15-Jun-20,6/15/2020,10032,343075,10639,180324,396,9918
16-Jun-20,6/16/2020,11086,354161,7226,187550,2004,11922
17-Jun-20,6/17/2020,13108,367269,6890,194440,341,12263
18-Jun-20,6/18/2020,13829,381098,10741,205181,343,12606
19-Jun-20,6/19/2020,14740,395838,9029,214210,364,12970
20-Jun-20,6/20/2020,15918,411753,13974,228184,308,13278
21-Jun-20,6/21/2020,15151,426904,9075,237259,426,13704
22-Jun-20,6/22/2020,13560,440464,10879,248138,312,14016
23-Jun-20,6/23/2020,15656,456120,10462,258600,468,14484
24-Jun-20,6/24/2020,16868,472988,13089,271689,424,14908
25-Jun-20,6/25/2020,18205,491193,13983,285672,401,15309
26-Jun-20,6/26/2020,18255,509448,10246,295918,381,15690
27-Jun-20,6/27/2020,20142,529590,14229,310147,414,16104
28-Jun-20,6/28/2020,19610,549200,11631,321778,384,16488
29-Jun-20,6/29/2020,18339,567539,13497,335275,417,16905
30-Jun-20,6/30/2020,18256,585795,12565,347840,506,17411
1-Jul-20,7/1/2020,19429,605224,12064,359904,438,17849
2-Jul-20,7/2/2020,21947,627171,19999,379903,378,18227
3-Jul-20,7/3/2020,22718,649889,14417,394320,444,18671
4-Jul-20,7/4/2020,24018,673907,14746,409066,611,19282
5-Jul-20,7/5/2020,23942,697849,15829,424895,421,19703
6-Jul-20,7/6/2020,22500,720349,15315,440210,473,20176
7-Jul-20,7/7/2020,23147,743496,16836,457046,479,20655
8-Jul-20,7/8/2020,25561,769057,19508,476554,492,21147
9-Jul-20,7/9/2020,25790,794847,19408,495962,479,21626
10-Jul-20,7/10/2020,27762,822609,20289,516251,520,22146
11-Jul-20,7/11/2020,27757,850366,19981,536232,543,22689
12-Jul-20,7/12/2020,29106,879472,18198,554430,500,23189
13-Jul-20,7/13/2020,28178,907650,17683,572113,541,23730
14-Jul-20,7/14/2020,29917,937567,20977,593090,587,24317
15-Jul-20,7/15/2020,32607,970174,20646,613736,614,24931
16-Jul-20,7/16/2020,35468,1005642,22867,636603,680,25611
17-Jul-20,7/17/2020,34820,1040462,17476,654079,676,26287
18-Jul-20,7/18/2020,37411,1077873,23583,677662,543,26830
19-Jul-20,7/19/2020,40235,1118108,22730,700392,675,27505
20-Jul-20,7/20/2020,36806,1154914,24303,724695,596,28101
21-Jul-20,7/21/2020,39170,1194084,27589,752284,671,28772
22-Jul-20,7/22/2020,45601,1239685,31875,784159,1130,29902
23-Jul-20,7/23/2020,48443,1288128,33326,817485,755,30657
24-Jul-20,7/24/2020,48888,1337016,32514,849999,763,31420
25-Jul-20,7/25/2020,50072,1387088,37125,887124,703,32123
26-Jul-20,7/26/2020,48932,1436020,31512,918636,704,32827
27-Jul-20,7/27/2020,46484,1482504,34354,952990,642,33469
28-Jul-20,7/28/2020,49631,1532135,35683,988673,774,34243
29-Jul-20,7/29/2020,52479,1584614,32886,1021559,775,35018
30-Jul-20,7/30/2020,54968,1639582,37425,1058984,784,35802
31-Jul-20,7/31/2020,57486,1697068,36554,1095538,764,36566
1-Aug-20,8/1/2020,55117,1752185,51368,1146906,854,37420
2-Aug-20,8/2/2020,52672,1804857,40355,1187261,760,38180
3-Aug-20,8/3/2020,50488,1855345,43070,1230331,806,38986
4-Aug-20,8/4/2020,51282,1906627,51220,1281551,849,39835
5-Aug-20,8/5/2020,56626,1963253,45583,1327134,919,40754
6-Aug-20,8/6/2020,62170,2025423,50141,1377275,899,41653
7-Aug-20,8/7/2020,61455,2086878,50387,1427662,936,42589
8-Aug-20,8/8/2020,65156,2152034,52135,1479797,875,43464
9-Aug-20,8/9/2020,62117,2214151,54474,1534271,1013,44477
10-Aug-20,8/10/2020,53016,2267167,47362,1581633,887,45364
11-Aug-20,8/11/2020,61252,2328419,56461,1638094,835,46199
12-Aug-20,8/12/2020,67066,2395485,57759,1695853,950,47149
13-Aug-20,8/13/2020,64141,2459626,54776,1750629,1006,48155
14-Aug-20,8/14/2020,65610,2525236,56920,1807549,989,49144
15-Aug-20,8/15/2020,63986,2589222,53116,1860665,952,50096
16-Aug-20,8/16/2020,58096,2647318,57404,1918069,952,51048
17-Aug-20,8/17/2020,54298,2701616,58172,1976241,880,51928
18-Aug-20,8/18/2020,65024,2766640,60455,2036696,1099,53027
19-Aug-20,8/19/2020,69196,2835836,59365,2096061,979,54006
20-Aug-20,8/20/2020,68518,2904354,61873,2157934,981,54987
21-Aug-20,8/21/2020,69029,2973383,62858,2220792,953,55940
22-Aug-20,8/22/2020,70067,3043450,59101,2279893,918,56858
23-Aug-20,8/23/2020,61749,3105199,56896,2336789,846,57704
24-Aug-20,8/24/2020,59696,3164895,66305,2403094,854,58558
25-Aug-20,8/25/2020,66873,3231768,64151,2467245,1066,59624
26-Aug-20,8/26/2020,75995,3307763,56191,2523436,1017,60641
27-Aug-20,8/27/2020,76827,3384590,59620,2583056,1066,61707
28-Aug-20,8/28/2020,76657,3461247,64475,2647531,1019,62726
29-Aug-20,8/29/2020,78479,3539726,64982,2712513,943,63669
30-Aug-20,8/30/2020,79461,3619187,60422,2772935,960,64629
31-Aug-20,8/31/2020,68766,3687953,64435,2837370,816,65445
1-Sep-20,9/1/2020,78168,3766121,62145,2899515,892,66337
2-Sep-20,9/2/2020,82860,3848981,67874,2967389,913,67250
3-Sep-20,9/3/2020,84156,3933137,67491,3034880,979,68229
4-Sep-20,9/4/2020,87115,4020252,69625,3104505,950,69179
5-Sep-20,9/5/2020,90600,4110852,73161,3177666,916,70095
6-Sep-20,9/6/2020,91725,4202577,69630,3247296,1005,71100
7-Sep-20,9/7/2020,75015,4277592,74116,3321412,1129,72229
8-Sep-20,9/8/2020,89855,4367447,74608,3396020,1107,73336
9-Sep-20,9/9/2020,95536,4462983,73062,3469082,1168,74504
10-Sep-20,9/10/2020,96762,4559745,70904,3539986,1213,75717
11-Sep-20,9/11/2020,97655,4657400,81456,3621442,1202,76919
12-Sep-20,9/12/2020,94414,4751814,77862,3699304,1111,78030
13-Sep-20,9/13/2020,93220,4845034,77748,3777052,1140,79170
14-Sep-20,9/14/2020,81913,4926947,79213,3856265,1054,80224
15-Sep-20,9/15/2020,91098,5018045,82849,3939114,1281,81505
16-Sep-20,9/16/2020,97860,5115905,82924,4022038,1140,82645
17-Sep-20,9/17/2020,96787,5212692,87788,4109826,1175,83820
18-Sep-20,9/18/2020,92973,5305665,95515,4205341,1221,85041
19-Sep-20,9/19/2020,92574,5398239,94389,4299730,1149,86190
20-Sep-20,9/20/2020,87395,5485634,92926,4392656,1135,87325
21-Sep-20,9/21/2020,74493,5560127,102070,4494726,1056,88381
22-Sep-20,9/22/2020,83362,5643489,89657,4584383,1085,89466
23-Sep-20,9/23/2020,86703,5730192,87459,4671842,1123,90589
24-Sep-20,9/24/2020,85921,5816113,81142,4752984,1144,91733
25-Sep-20,9/25/2020,85717,5901830,93331,4846315,1093,92826
26-Sep-20,9/26/2020,88759,5990589,92365,4938680,1124,93950
27-Sep-20,9/27/2020,82770,6073359,74691,5013371,1040,94990
28-Sep-20,9/28/2020,69669,6143028,85198,5098569,775,95765
29-Sep-20,9/29/2020,80500,6223528,86150,5184719,1178,96943
30-Sep-20,9/30/2020,86748,6310276,85274,5269993,1179,98122
1-Oct-20,10/1/2020,81784,6392060,78731,5348724,1099,99221
2-Oct-20,10/2/2020,79883,6471943,76339,5425063,1068,100289
3-Oct-20,10/3/2020,75479,6547422,81655,5506718,937,101226
4-Oct-20,10/4/2020,74770,6622192,76713,5583431,903,102129
5-Oct-20,10/5/2020,60130,6682322,75855,5659286,886,103015
6-Oct-20,10/6/2020,71869,6754191,81945,5741231,990,104005
7-Oct-20,10/7/2020,78809,6833000,83209,5824440,963,104968
8-Oct-20,10/8/2020,70797,6903797,78745,5903185,967,105935
9-Oct-20,10/9/2020,73305,6977102,82628,5985813,929,106864
10-Oct-20,10/10/2020,74418,7051520,89024,6074837,921,107785
11-Oct-20,10/11/2020,67789,7119309,71565,6146402,813,108598
12-Oct-20,10/12/2020,54262,7173571,78365,6224767,710,109308
13-Oct-20,10/13/2020,63717,7237288,74079,6298846,727,110035
14-Oct-20,10/14/2020,67811,7305099,81582,6380428,690,110725
15-Oct-20,10/15/2020,63441,7368540,70792,6451220,882,111607
16-Oct-20,10/16/2020,62304,7430844,70568,6521788,840,112447
17-Oct-20,10/17/2020,61893,7492737,72583,6594371,1032,113479
18-Oct-20,10/18/2020,56519,7549256,66418,6660789,582,114061
19-Oct-20,10/19/2020,45506,7594762,69800,6730589,589,114650
20-Oct-20,10/20/2020,54348,7649110,61828,6792417,714,115364
21-Oct-20,10/21/2020,56264,7705374,79561,6871978,701,116065
22-Oct-20,10/22/2020,54371,7759745,74569,6946547,686,116751
23-Oct-20,10/23/2020,53931,7813676,66994,7013541,655,117406
24-Oct-20,10/24/2020,50366,7864042,62270,7075811,578,117984
25-Oct-20,10/25/2020,45922,7909964,59304,7135115,483,118467
26-Oct-20,10/26/2020,36019,7945983,63734,7198849,485,118952
27-Oct-20,10/27/2020,43036,7989019,58429,7257278,511,119463
28-Oct-20,10/28/2020,50188,8039207,56594,7313872,515,119978
29-Oct-20,10/29/2020,48765,8087972,57867,7371739,562,120540
30-Oct-20,10/30/2020,48117,8136089,59005,7430744,550,121090
31-Oct-20,10/31/2020,47228,8183317,58682,7489426,469,121559
1-Nov-20,11/1/2020,45928,8229245,53312,7542738,491,122050
2-Nov-20,11/2/2020,37592,8266837,58524,7601262,498,122548
3-Nov-20,11/3/2020,46027,8312864,53328,7654590,510,123058
4-Nov-20,11/4/2020,50465,8363329,55873,7710463,707,123765
5-Nov-20,11/5/2020,47628,8410957,54133,7764596,672,124437
6-Nov-20,11/6/2020,50017,8460974,53946,7818542,577,125014
7-Nov-20,11/7/2020,46153,8507127,48582,7867124,557,125571
8-Nov-20,11/8/2020,46707,8553834,48465,7915589,491,126062
9-Nov-20,11/9/2020,37119,8590953,41449,7957038,450,126512
10-Nov-20,11/10/2020,44724,8635677,54639,8011677,511,127023
11-Nov-20,11/11/2020,48285,8683962,52704,8064381,550,127573
12-Nov-20,11/12/2020,44585,8728547,49354,8113735,544,128117
13-Nov-20,11/13/2020,44620,8773167,47620,8161355,517,128634
14-Nov-20,11/14/2020,41692,8814859,42317,8203672,450,129084
15-Nov-20,11/15/2020,30681,8845540,44111,8247783,434,129518
16-Nov-20,11/16/2020,28609,8874149,40392,8288175,451,129969
17-Nov-20,11/17/2020,38548,8912697,44753,8332928,472,130441
18-Nov-20,11/18/2020,45366,8958063,48675,8381603,586,131027
19-Nov-20,11/19/2020,46185,9004248,45246,8426849,582,131609
20-Nov-20,11/20/2020,46283,9050531,48968,8475817,564,132173
21-Nov-20,11/21/2020,45301,9095832,44055,8519872,499,132672
22-Nov-20,11/22/2020,44404,9140236,41405,8561277,510,133182
23-Nov-20,11/24/2020,37441,9177677,42195,8603472,481,133663
24-Nov-20,11/25/2020,44245,9221922,37765,8641237,489,134152
25-Nov-20,11/26/2020,44699,9266621,36582,8677819,518,134670
26-Nov-20,11/27/2020,43174,9309795,39723,8717542,491,135161
27-Nov-20,11/28/2020,41353,9351148,41177,8758719,486,135647
28-Nov-20,11/29/2020,41815,9392963,42275,8800994,495,136142
29-Nov-20,11/30/2020,39036,9431999,45152,8846146,444,136586
30-Nov-20,12/1/2020,31179,9463178,42282,8888428,482,137068
1-Dec-20,12/2/2020,36474,9499652,43208,8931636,501,137569
2-Dec-20,12/3/2020,35506,9535158,40908,8972544,526,138095
3-Dec-20,12/4/2020,36574,9571732,42991,9015535,541,138636
4-Dec-20,12/5/2020,36711,9608443,42359,9057894,511,139147
5-Dec-20,12/6/2020,36010,9644453,41885,9099779,482,139629
6-Dec-20,12/7/2020,33178,9677631,39078,9138857,390,140019
7-Dec-20,12/8/2020,26227,9703858,39293,9178150,386,140405
8-Dec-20,12/9/2020,32083,9735941,36583,9214733,402,140807
9-Dec-20,12/10/2020,31637,9767578,37693,9252426,413,141220
10-Dec-20,12/11/2020,29411,9796989,37707,9290133,411,141631
11-Dec-20,12/12/2020,29961,9826950,33492,9323625,442,142073
12-Dec-20,12/13/2020,30354,9857304,33087,9356712,391,142464
13-Dec-20,12/14/2020,27336,9884640,30640,9387352,338,142802
14-Dec-20,12/15/2020,21941,9906581,34421,9421773,354,143156
15-Dec-20,12/16/2020,26251,9932832,33853,9455626,384,143540
16-Dec-20,12/17/2020,18172,9951004,33360,9488986,356,143896
17-Dec-20,12/18/2020,26754,9977758,30891,9519877,342,144238
18-Dec-20,12/19/2020,26991,10004749,29879,9549756,342,144580
19-Dec-20,12/20/2020,26834,10031583,29758,9579514,342,144922
20-Dec-20,12/21/2020,24622,10056205,25734,9605248,332,145254
21-Dec-20,12/22/2020,19147,10075352,30250,9635498,302,145556
22-Dec-20,12/23/2020,23880,10099232,27032,9662530,329,145885
23-Dec-20,12/24/2020,24716,10123948,29946,9692476,315,146200
24-Dec-20,12/25/2020,23444,10147392,24555,9717031,337,146537
25-Dec-20,12/26/2020,22349,10169741,22184,9739215,251,146788
26-Dec-20,12/27/2020,18575,10188316,21466,9760681,280,147068
27-Dec-20,12/28/2020,20333,10208649,21097,9781778,281,147349
28-Dec-20,12/29/2020,16072,10224721,24822,9806600,250,147599
29-Dec-20,12/30/2020,20542,10245263,26589,9833189,285,147884
30-Dec-20,12/31/2020,21945,10267208,26407,9859596,299,148183
31-Dec-20,1/1/2021,19026,10286234,21969,9881565,244,148427
1-Jan-21,1/2/2021,20159,10306393,23838,9905403,237,148664
2-Jan-21,1/3/2021,18144,10324537,20903,9926306,216,148880
3-Jan-21,1/4/2021,16678,10341215,19658,9945964,215,149095
4-Jan-21,1/5/2021,16278,10357493,29209,9975173,200,149295
5-Jan-21,1/6/2021,17909,10375402,21161,9996334,265,149560
6-Jan-21,1/7/2021,20472,10395874,19689,10016023,222,149782
7-Jan-21,1/8/2021,18123,10413997,20503,10036526,233,150015
8-Jan-21,1/9/2021,18453,10432450,19242,10055768,229,150244
9-Jan-21,1/10/2021,18820,10451270,19460,10075228,213,150457
10-Jan-21,1/11/2021,16086,10467356,16737,10091965,150,150607
11-Jan-21,1/12/2021,12481,10479837,18578,10110543,166,150773
12-Jan-21,1/13/2021,15903,10495740,17762,10128305,200,150973
13-Jan-21,1/14/2021,17015,10512755,17797,10146102,201,151174
14-Jan-21,1/15/2021,15677,10528432,15943,10162045,189,151363
15-Jan-21,1/16/2021,15155,10543587,16809,10178854,176,151539
16-Jan-21,1/17/2021,15050,10558637,17202,10196056,181,151720
17-Jan-21,1/18/2021,13962,10572599,14513,10210569,145,151865
18-Jan-21,1/19/2021,9987,10582586,17127,10227696,137,152002
19-Jan-21,1/20/2021,13787,10596373,17229,10244925,162,152164
20-Jan-21,1/21/2021,15279,10611652,20071,10264996,152,152316
21-Jan-21,1/22/2021,14495,10626147,17734,10282730,161,152477
22-Jan-21,1/23/2021,14323,10640470,17166,10299896,153,152630
23-Jan-21,1/24/2021,14896,10655366,16033,10315929,156,152786
24-Jan-21,1/25/2021,13232,10668598,13148,10329077,131,152917
25-Jan-21,1/26/2021,9098,10677696,16092,10345169,116,153033
26-Jan-21,1/27/2021,12733,10690429,13250,10358419,138,153171
27-Jan-21,1/28/2021,11556,10701985,14261,10372680,123,153294
28-Jan-21,1/29/2021,18912,10720897,20315,10392995,162,153456
29-Jan-21,1/30/2021,13054,10733951,14886,10407881,137,153593
30-Jan-21,1/31/2021,13073,10747024,14077,10421958,128,153721
31-Jan-21,2/1/2021,11527,10758551,11882,10433840,116,153837
1-Feb-21,2/2/2021,8579,10767130,13443,10447283,94,153931
2-Feb-21,2/3/2021,11001,10778131,14250,10461533,113,154044
3-Feb-21,2/4/2021,12925,10791056,17813,10479346,107,154151
4-Feb-21,2/5/2021,12401,10803457,15788,10495134,120,154271
5-Feb-21,2/6/2021,11711,10815168,14512,10509646,95,154366
6-Feb-21,2/7/2021,12069,10827237,11761,10521407,75,154441
7-Feb-21,2/8/2021,11786,10839023,11756,10533163,86,154527
8-Feb-21,2/9/2021,8715,10847738,13600,10546763,78,154605
9-Feb-21,2/10/2021,10731,10858469,12928,10559691,94,154699
10-Feb-21,2/11/2021,12539,10871008,11796,10571487,110,154809
11-Feb-21,2/12/2021,9353,10880361,15722,10587209,85,154894
12-Feb-21,2/13/2021,12137,10892498,11358,10598567,104,154998
13-Feb-21,2/14/2021,12198,10904696,11107,10609674,89,155087
14-Feb-21,2/15/2021,11706,10916402,9500,10619174,91,155178
15-Feb-21,2/16/2021,9086,10925488,11793,10630967,82,155260
16-Feb-21,2/17/2021,11592,10937080,11836,10642803,99,155359
17-Feb-21,2/18/2021,12862,10949942,12028,10654831,100,155459
18-Feb-21,2/19/2021,13237,10963179,10914,10665745,100,155559
19-Feb-21,2/20/2021,13916,10977095,10214,10675959,100,155659
20-Feb-21,2/21/2021,13919,10991014,11413,10687372,89,155748
21-Feb-21,2/22/2021,14278,11005292,9715,10697087,83,155831
22-Feb-21,2/23/2021,10494,11015786,13233,10710320,76,155907
23-Feb-21,2/24/2021,13682,11029468,13969,10724289,103,156010
24-Feb-21,2/25/2021,16930,11046398,12100,10736389,141,156151
25-Feb-21,2/26/2021,16599,11062997,12222,10748611,119,156270
26-Feb-21,2/27/2021,16562,11079559,12790,10761401,114,156384
27-Feb-21,2/28/2021,16805,11096364,11709,10773110,111,156495
28-Feb-21,3/1/2021,15614,11111978,11291,10784401,108,156603
1-Mar-21,3/2/2021,12270,11124248,12472,10796873,92,156695
2-Mar-21,3/3/2021,14998,11139246,13113,10809986,98,156793
3-Mar-21,3/4/2021,17425,11156671,14071,10824057,87,156880
4-Mar-21,3/5/2021,16824,11173495,13788,10837845,113,156993
5-Mar-21,3/6/2021,18324,11191819,14186,10852031,109,157102
6-Mar-21,3/7/2021,18724,11210543,14379,10866410,100,157202
7-Mar-21,3/8/2021,18650,11229193,14303,10880713,97,157299
8-Mar-21,3/9/2021,15353,11244546,16606,10897319,76,157375
9-Mar-21,3/10/2021,17873,11262419,20643,10917962,133,157508
10-Mar-21,3/11/2021,22851,11285270,18154,10936116,125,157633
11-Mar-21,3/12/2021,23298,11308568,15092,10951208,119,157752
12-Mar-21,3/13/2021,24845,11333413,19972,10971180,140,157892
13-Mar-21,3/14/2021,25154,11358567,16508,10987688,159,158051
14-Mar-21,3/15/2021,26513,11385080,17590,11005278,120,158171
15-Mar-21,3/16/2021,24437,11409517,20186,11025464,130,158301
16-Mar-21,3/17/2021,28869,11438386,17746,11043210,187,158488
17-Mar-21,3/18/2021,35838,11474224,17793,11061003,171,158659
18-Mar-21,3/19/2021,39687,11513911,20356,11081359,156,158815
19-Mar-21,3/20/2021,40906,11554817,23623,11104982,188,159003
20-Mar-21,3/21/2021,43815,11598632,22971,11127953,196,159199
21-Mar-21,3/22/2021,47009,11645641,21205,11149158,213,159412
22-Mar-21,3/23/2021,40636,11686277,29779,11178937,197,159609
23-Mar-21,3/24/2021,47239,11733516,23913,11202850,277,159886
24-Mar-21,3/25/2021,53419,11786935,26575,11229425,249,160135
25-Mar-21,3/26/2021,59083,11846018,32917,11262342,257,160392
26-Mar-21,3/27/2021,62276,11908294,30341,11292683,292,160684
27-Mar-21,3/28/2021,62632,11970926,28728,11321411,311,160995
28-Mar-21,3/29/2021,68206,12039132,32269,11353680,295,161290
29-Mar-21,3/30/2021,56152,12095284,36989,11390669,266,161556
30-Mar-21,3/31/2021,53237,12148521,41242,11431911,355,161911
31-Mar-21,4/1/2021,72113,12220634,40423,11472334,458,162369
1-Apr-21,4/2/2021,81398,12302032,50384,11522718,468,162837
2-Apr-21,4/3/2021,89023,12391055,44179,11566897,713,163550
3-Apr-21,4/4/2021,92994,12484049,60059,11626956,514,164064
4-Apr-21,4/5/2021,103794,12587843,52840,11679796,477,164541
5-Apr-21,4/6/2021,96563,12684406,50100,11729896,446,164987
6-Apr-21,4/7/2021,115312,12799718,59714,11789610,630,165617
7-Apr-21,4/8/2021,126276,12925994,59137,11848747,684,166301
8-Apr-21,4/9/2021,131878,13057872,61829,11910576,802,167103
9-Apr-21,4/10/2021,144945,13202817,77263,11987839,773,167876
10-Apr-21,4/11/2021,152565,13355382,90328,12078167,838,168714
11-Apr-21,4/12/2021,169914,13525296,75380,12153547,904,169618
12-Apr-21,4/13/2021,160838,13686134,96746,12250293,880,170498
13-Apr-21,4/14/2021,185297,13871431,82271,12332564,1026,171524
14-Apr-21,4/15/2021,199584,14071015,93425,12425989,1038,172562
15-Apr-21,4/16/2021,216828,14287843,117897,12543886,1184,173746
16-Apr-21,4/17/2021,234002,14521845,122886,12666772,1338,175084
17-Apr-21,4/18/2021,260895,14782740,138209,12804981,1498,176582
18-Apr-21,4/19/2021,275063,15057803,143839,12948820,1620,178202
19-Apr-21,4/20/2021,257003,15314806,154357,13103177,1757,179959
20-Apr-21,4/21/2021,294365,15609171,166656,13269833,2021,181980
21-Apr-21,4/22/2021,315752,15924923,179434,13449267,2101,184081
22-Apr-21,4/23/2021,332531,16257454,192317,13641584,2257,186338
23-Apr-21,4/24/2021,345296,16602750,220545,13862129,2620,188958
24-Apr-21,4/25/2021,348996,16951746,215809,14077938,2761,191719
25-Apr-21,4/26/2021,354658,17306404,218626,14296564,2808,194527
26-Apr-21,4/27/2021,319471,17625875,249009,14545573,2762,197289
27-Apr-21,4/28/2021,362913,17988788,262349,14807922,3286,200575
28-Apr-21,4/29/2021,379404,18368192,274171,15082093,3646,204221
29-Apr-21,4/30/2021,386773,18754965,291727,15373820,3502,207723
30-Apr-21,5/1/2021,402014,19156979,299198,15673018,3525,211248
1-May-21,5/2/2021,392576,19549555,308688,15981706,3685,214933
2-May-21,5/3/2021,370090,19919645,300004,16281710,3423,218356
3-May-21,5/4/2021,355769,20275414,318910,16600620,3439,221795
4-May-21,5/5/2021,382847,20658261,337699,16938319,3786,225581
5-May-21,5/6/2021,412624,21070885,330718,17269037,3979,229560
6-May-21,5/7/2021,414280,21485165,328349,17597386,3923,233483
7-May-21,5/8/2021,406901,21892066,327675,17925061,4233,237716
8-May-21,5/9/2021,403808,22295874,386395,18311456,4092,241808
9-May-21,5/10/2021,366455,22662329,353777,18665233,3749,245557
10-May-21,5/11/2021,329491,22991820,355930,19021163,3879,249436
11-May-21,5/12/2021,348555,23340375,355398,19376561,4198,253634
12-May-21,5/13/2021,362632,23703007,352005,19728566,4128,257762
13-May-21,5/14/2021,343005,24046012,344676,20073242,4000,261762
14-May-21,5/15/2021,326256,24372268,353200,20426442,3889,265651
15-May-21,5/16/2021,310757,24683025,362547,20788989,4077,269728
16-May-21,5/17/2021,281837,24964862,378526,21167515,4098,273826
17-May-21,5/18/2021,263021,25227883,422391,21589906,4334,278160
18-May-21,5/19/2021,267246,25495129,389758,21979664,4529,282689
19-May-21,5/20/2021,276193,25771322,369005,22348669,3877,286566
20-May-21,5/21/2021,259242,26030564,357173,22705842,4209,290775
21-May-21,5/22/2021,257299,26287863,357625,23063467,4194,294969
22-May-21,5/23/2021,240897,26528760,355138,23418605,3739,298708
23-May-21,5/24/2021,222834,26751594,302253,23720858,4454,303162
24-May-21,5/25/2021,195857,26947451,326737,24047595,3509,306671
25-May-21,5/26/2021,208992,27156443,295264,24342859,4160,310831
26-May-21,5/26/2021,211510,27367953,283054,24625913,3843,314674